<?xml version="1.0" encoding="utf-8"?>
<HorseRacing>
		<next_5_racing>
			<title>Next 5 Racing</title>
			<col_1>11:40</col_1>
			<col_2>12:10</col_2>
			<col_3>12:10</col_3>
			<col_4>12:45</col_4>
			<col_5>12:47</col_5>
			<col_6></col_6>
			<col_7></col_7>
			<col_8></col_8>
			<watch>play.png</watch>
		</next_5_racing>
		<saint_cloud>
			<title>Saint-Cloud</title>
			<col_1>11:40</col_1>
			<col_2>12:10</col_2>
			<col_3>12:47</col_3>
			<col_4>1:20</col_4>
			<col_5>1:50</col_5>
			<col_6>2:25</col_6>
			<col_7>2:55</col_7>
			<col_8>3:30</col_8>
			<watch>play.png</watch>
		</saint_cloud>
		<vaal>
			<title>Vaal</title>
			<col_1>12:10</col_1>
			<col_2>12:45</col_2>
			<col_3>1:20</col_3>
			<col_4>1:55</col_4>
			<col_5>2:35</col_5>
			<col_6>3:15</col_6>
			<col_7>3:50</col_7>
			<col_8>4:25</col_8>
			<watch>play.png</watch>
		</vaal>
	</HorseRacing>